<project name="Documentation Demo">
  <skin>
    <groupId>org.apache.maven.skins</groupId>
    <artifactId>maven-fluido-skin</artifactId>
    <version>1.11.2</version>
  </skin>

  <body>
    <menu name="Overview">
      <item name="Welcome" href="index.html"/>
      <item name="Usage" href="usage.html"/>
      <item name="Project Reports" href="project-info.html"/>
    </menu>

    <menu name="Reference">
      <item name="Javadoc" href="apidocs/index.html"/>
      <item name="Tests" href="surefire-report.html"/>
      <item name="Coverage" href="jacoco/index.html"/>
    </menu>
  </body>
</project>

